Informazioni cronologiche,Quanti anni hai?,Dove vivi?,"Se vivi in Italia, in che parte di essa vivi?",Quanto è grande il comune in cui vivi?,Quanto reputi importante la cura dell'ambiente circostante ?,Qual è il tuo genere?,Qual è la tua occupazione?,"Se necessiti di fare un pagamento di 20 euro per un qualunque servizio, come preferisci pagare?","Se preferisci pagare via carta, perché?","Se invece la tua preferenza è il contante, perché?",Quante volte al mese mediamente prelevi denaro?,Quanto è lontano il punto in cui prelievi più spesso?,Che mezzo usi per andare a prelevare?,Possiedi un animale domestico?,Ami viaggiare?,Pratichi o praticavi uno sport?,"Se si, quale?","Weekend fuori porta, cosa preferisci?"
25/03/2025 8.15.48,18-25(Giovane),,Centro Italia,Metropoli (1.000.000 di abitanti o più),8,Femminile,Studente,Spesso con carta(≈80% delle volte),Sicurezza e Tracciabilità,,Meno di una volta al mese,<500 metri,A piedi/Bicicletta,Sì,5,Si,Palestra,Mare
25/03/2025 8.28.06,50-65(Adulto Affermato),,Nord Italia,Grande Città (300.000 - 1.000.000 abitanti),10,Maschile,Settore Terziario(Servizi e Commercio),Spesso con carta(≈80% delle volte),Sicurezza e Tracciabilità,,Mensilmente,500-1000 metri,A piedi/Bicicletta,Sì,4,Si,Ciclismo,Città da visitare
25/03/2025 8.49.18,50-65(Adulto Affermato),,Nord Italia,Grande Città (300.000 - 1.000.000 abitanti),10,Femminile,Settore Terziario(Servizi e Commercio),Spesso con carta(≈80% delle volte),Comodità e Risparmio,,Bisettimanalmente,<500 metri,A piedi/Bicicletta,Sì,5,No,,Mare
25/03/2025 9.07.03,25-35(Giovane Adulto),,Centro Italia,Città (50.000-300.000 abitanti),8,Femminile,Settore Terziario Avanzato(Professioni qualificate e tecnologie),Spesso con carta(≈80% delle volte),Comodità e Risparmio,,Meno di una volta al mese,<500 metri,A piedi/Bicicletta,Sì,3,Si,Aquagym,Campagna
25/03/2025 9.07.09,25-35(Giovane Adulto),,Centro Italia,Cittadina(10.000-50.000 abitanti),9,Femminile,Settore Terziario Avanzato(Professioni qualificate e tecnologie),Spesso con carta(≈80% delle volte),Comodità e Risparmio,,Meno di una volta al mese,500-1000 metri,Automobile o Motocicletta,Sì,4,Si,Pilates,Mare
25/03/2025 9.07.12,25-35(Giovane Adulto),,Sud Italia,Paese(<10.000 abitanti),9,Femminile,Settore Terziario(Servizi e Commercio),Spesso con carta(≈80% delle volte),Comodità e Risparmio,,Meno di una volta al mese,2000 metri o più,Automobile o Motocicletta,Sì,5,Si,Nuoto,Città da visitare
25/03/2025 9.10.37,25-35(Giovane Adulto),,Sud Italia,Paese(<10.000 abitanti),9,Femminile,Settore Terziario(Servizi e Commercio),Spesso con carta(≈80% delle volte),Comodità e Risparmio,Non accettano carta,Meno di una volta al mese,500-1000 metri,Automobile o Motocicletta,No,4,No,,Città da visitare
25/03/2025 9.14.05,25-35(Giovane Adulto),,Nord Italia,Paese(<10.000 abitanti),7,Femminile,Settore Terziario Avanzato(Professioni qualificate e tecnologie),Spesso con carta(≈80% delle volte),Comodità e Risparmio,Convenzione e Abitudine,Meno di una volta al mese,500-1000 metri,Automobile o Motocicletta,Sì,3,No,,Città da visitare
25/03/2025 9.17.47,18-25(Giovane),,Sud Italia,Paese(<10.000 abitanti),10,Femminile,Studente,Spesso con carta(≈80% delle volte),Comodità e Risparmio,,Meno di una volta al mese,500-1000 metri,A piedi/Bicicletta,No,5,Si,Nuoto,Mare
25/03/2025 9.19.17,25-35(Giovane Adulto),,Centro Italia,Città (50.000-300.000 abitanti),10,Femminile,Settore Terziario(Servizi e Commercio),Spesso con carta(≈80% delle volte),Comodità e Risparmio,,Bisettimanalmente,<500 metri,Automobile o Motocicletta,Solo in passato,1,No,,Città da visitare
25/03/2025 9.28.16,18-25(Giovane),,Nord Italia,Metropoli (1.000.000 di abitanti o più),8,Femminile,Studente,Raramente con carta(≈20% delle volte),,Convenzione e Abitudine,Ogni 2/3 giorni (circa 10 volte al giorno),1000-2000 metri,A piedi/Bicicletta,No,4,Si,pattinaggio,Mare
25/03/2025 9.45.53,25-35(Giovane Adulto),,Nord Italia,Città (50.000-300.000 abitanti),10,Femminile,Studente,Sempre con carta(≈ 100% delle volte),Comodità e Risparmio,Convenzione e Abitudine,Meno di una volta al mese,<500 metri,A piedi/Bicicletta,No,3,Si,Sala pesi ,Città da visitare
25/03/2025 9.52.32,65+(Senior),,Sud Italia,Paese(<10.000 abitanti),10,Femminile,Settore Terziario Avanzato(Professioni qualificate e tecnologie),Raramente con carta(≈20% delle volte),Comodità e Risparmio,Convenzione e Abitudine,Mensilmente,2000 metri o più,Automobile o Motocicletta,Sì,4,Si,Calcio / corsa,Mare
25/03/2025 9.55.35,50-65(Adulto Affermato),,Sud Italia,Paese(<10.000 abitanti),10,Femminile,"Settore Primario(Agricoltura, Pesca,",Talvolta con carta(≈40% delle volte),Sicurezza e Tracciabilità,,Meno di una volta al mese,500-1000 metri,Automobile o Motocicletta,Sì,5,No,,Mare
25/03/2025 9.56.31,25-35(Giovane Adulto),,Sud Italia,Paese(<10.000 abitanti),8,Maschile,Settore Terziario Avanzato(Professioni qualificate e tecnologie),Spesso con carta(≈80% delle volte),Sicurezza e Tracciabilità,,Meno di una volta al mese,2000 metri o più,Automobile o Motocicletta,Sì,4,Si,Calcio,Mare
25/03/2025 10.08.50,18-25(Giovane),,Nord Italia,Paese(<10.000 abitanti),10,Femminile,Studente,Sempre contante!,Mi sento obbligato/a dalle normative,Comodità,Meno di una volta al mese,500-1000 metri,A piedi/Bicicletta,No,5,Si,Beach volley ,Mare
25/03/2025 10.14.12,65+(Senior),,Nord Italia,Paese(<10.000 abitanti),10,Maschile,,Abitualmente con carta(≈60% delle volte),Sicurezza e Tracciabilità,,Bisettimanalmente,500-1000 metri,Automobile o Motocicletta,No,4,No,,Mare
25/03/2025 10.15.30,18-25(Giovane),,Nord Italia,Paese(<10.000 abitanti),10,Femminile,Settore Terziario(Servizi e Commercio),Spesso con carta(≈80% delle volte),Comodità e Risparmio,,Meno di una volta al mese,1000-2000 metri,Automobile o Motocicletta,Sì,4,Si,,Mare
25/03/2025 10.56.25,18-25(Giovane),,Sud Italia,Paese(<10.000 abitanti),10,Maschile,Settore Secondario( Industria e Artigianato),Raramente con carta(≈20% delle volte),Comodità e Risparmio,Comodità,Meno di una volta al mese,500-1000 metri,A piedi/Bicicletta,Sì,5,Si,Calcio,Mare
25/03/2025 11.19.34,18-25(Giovane),,Nord Italia,Paese(<10.000 abitanti),8,Femminile,Studente,Talvolta con carta(≈40% delle volte),Comodità e Risparmio,Comodità,Mensilmente,<500 metri,Automobile o Motocicletta,Sì,5,Si,pallavolo,Mare
25/03/2025 11.22.16,18-25(Giovane),,Nord Italia,Grande Città (300.000 - 1.000.000 abitanti),10,Femminile,Studente,Spesso con carta(≈80% delle volte),Comodità e Risparmio,Comodità,Meno di una volta al mese,500-1000 metri,A piedi/Bicicletta,Sì,5,Si,,Montagna
25/03/2025 11.43.36,18-25(Giovane),,Nord Italia,Paese(<10.000 abitanti),9,Femminile,Studente,Abitualmente con carta(≈60% delle volte),Comodità e Risparmio,,Meno di una volta al mese,500-1000 metri,Automobile o Motocicletta,Sì,5,Si,Pallavolo ,Mare
25/03/2025 12.39.06,25-35(Giovane Adulto),,Nord Italia,Paese(<10.000 abitanti),8,Femminile,Settore Terziario(Servizi e Commercio),Abitualmente con carta(≈60% delle volte),Comodità e Risparmio,Comodità,Bisettimanalmente,1000-2000 metri,Automobile o Motocicletta,Sì,4,Si,Palestra ,Mare
25/03/2025 12.43.10,35-50(Adulto),,Nord Italia,Paese(<10.000 abitanti),8,Femminile,Settore Terziario(Servizi e Commercio),Spesso con carta(≈80% delle volte),Comodità e Risparmio,,Mensilmente,1000-2000 metri,Automobile o Motocicletta,Sì,4,No,,Mare
25/03/2025 12.50.47,18-25(Giovane),,Nord Italia,Cittadina(10.000-50.000 abitanti),10,Femminile,Studente,Spesso con carta(≈80% delle volte),Comodità e Risparmio,,Meno di una volta al mese,<500 metri,A piedi/Bicicletta,Sì,5,Si,,Mare
25/03/2025 13.02.46,25-35(Giovane Adulto),,Centro Italia,Cittadina(10.000-50.000 abitanti),8,Maschile,Settore Terziario(Servizi e Commercio),Spesso con carta(≈80% delle volte),Comodità e Risparmio,Convenzione e Abitudine,Mensilmente,<500 metri,A piedi/Bicicletta,No,5,Si,,Città da visitare
25/03/2025 13.54.06,18-25(Giovane),,Nord Italia,Paese(<10.000 abitanti),10,Maschile,Studente,Abitualmente con carta(≈60% delle volte),Comodità e Risparmio,,Bisettimanalmente,1000-2000 metri,Automobile o Motocicletta,Sì,4,Si,pallavolo ,Città da visitare
25/03/2025 14.27.17,25-35(Giovane Adulto),,Centro Italia,Cittadina(10.000-50.000 abitanti),7,Femminile,Settore Terziario(Servizi e Commercio),Sempre contante!,,Affidabilità e Sicurezza,Meno di una volta al mese,1000-2000 metri,Automobile o Motocicletta,Sì,5,No,,Città da visitare
25/03/2025 20.36.27,14-18(Adolescenza),,Nord Italia,Paese(<10.000 abitanti),8,Femminile,Studente,Talvolta con carta(≈40% delle volte),Mi sento obbligato/a dalle normative,Comodità,Meno di una volta al mese,<500 metri,Automobile o Motocicletta,No,5,No,pallavolo,Mare
26/03/2025 17.55.42,18-25(Giovane),,Nord Italia,Città (50.000-300.000 abitanti),8,Femminile,Studente,Abitualmente con carta(≈60% delle volte),Comodità e Risparmio,,Meno di una volta al mese,500-1000 metri,A piedi/Bicicletta,No,5,Si,Hockey su prato ,Montagna
26/03/2025 18.04.00,18-25(Giovane),,Nord Italia,Paese(<10.000 abitanti),10,Femminile,Studente,Spesso con carta(≈80% delle volte),Comodità e Risparmio,Tradizione,Mensilmente,500-1000 metri,A piedi/Bicicletta,Sì,4,Si,"Nuoto, arrampicata, pallavolo..",Montagna
26/03/2025 18.05.18,18-25(Giovane),,Nord Italia,Grande Città (300.000 - 1.000.000 abitanti),7,Femminile,Studente,Abitualmente con carta(≈60% delle volte),Sicurezza e Tracciabilità,,Meno di una volta al mese,<500 metri,A piedi/Bicicletta,No,5,Si,Sci,Montagna
26/03/2025 18.08.40,18-25(Giovane),,Nord Italia,Metropoli (1.000.000 di abitanti o più),8,Maschile,Studente,Spesso con carta(≈80% delle volte),Comodità e Risparmio,,Meno di una volta al mese,<500 metri,A piedi/Bicicletta,No,4,Si,calcio,Mare
26/03/2025 18.09.35,18-25(Giovane),,Nord Italia,Metropoli (1.000.000 di abitanti o più),8,Femminile,Studente,Abitualmente con carta(≈60% delle volte),Comodità e Risparmio,,Mensilmente,500-1000 metri,A piedi/Bicicletta,Solo in passato,5,Si,Pallavolo,Città da visitare
26/03/2025 18.28.13,18-25(Giovane),,Nord Italia,Paese(<10.000 abitanti),3,Maschile,Studente,Abitualmente con carta(≈60% delle volte),Comodità e Risparmio,,Mensilmente,500-1000 metri,Mezzi Pubblici,Sì,4,Si,,Mare
26/03/2025 20.00.38,18-25(Giovane),,Nord Italia,Grande Città (300.000 - 1.000.000 abitanti),9,Femminile,Studente,Abitualmente con carta(≈60% delle volte),Comodità e Risparmio,,Meno di una volta al mese,2000 metri o più,A piedi/Bicicletta,Solo in passato,4,Si,ginnastica artistica (domanda poco chiara),Montagna
26/03/2025 21.22.47,18-25(Giovane),,Nord Italia,Grande Città (300.000 - 1.000.000 abitanti),9,Maschile,Studente,Spesso con carta(≈80% delle volte),Comodità e Risparmio,,Meno di una volta al mese,1000-2000 metri,Automobile o Motocicletta,Sì,5,Si,Scherma,Montagna
27/03/2025 10.06.00,18-25(Giovane),,Nord Italia,Grande Città (300.000 - 1.000.000 abitanti),7,Femminile,Studente,Spesso con carta(≈80% delle volte),Comodità e Risparmio,,Bisettimanalmente,<500 metri,A piedi/Bicicletta,Sì,5,Si,pallavolo,Città da visitare
28/03/2025 11.59.51,18-25(Giovane),,Nord Italia,Grande Città (300.000 - 1.000.000 abitanti),7,Maschile,Studente,Sempre con carta(≈ 100% delle volte),Tutte le citate,,Meno di una volta al mese,,,Sì,3,Si,Calcio,Mare
28/03/2025 12.03.15,18-25(Giovane),,Nord Italia,Metropoli (1.000.000 di abitanti o più),8,Maschile,Studente,Sempre con carta(≈ 100% delle volte),Sicurezza e Tracciabilità,non preferisco il contante ,Mensilmente,<500 metri,A piedi/Bicicletta,Sì,5,Si,calcio,Mare
28/03/2025 12.07.51,14-18(Adolescenza),,Sud Italia,Paese(<10.000 abitanti),10,Maschile,Studente,Sempre contante!,Sicurezza e Tracciabilità,Convenzione e Abitudine,Meno di una volta al mese,2000 metri o più,Automobile o Motocicletta,Sì,5,Si,Calcio,Città da visitare
28/03/2025 12.11.26,14-18(Adolescenza),,Nord Italia,Cittadina(10.000-50.000 abitanti),7,Maschile,Studente,Spesso con carta(≈80% delle volte),Comodità e Risparmio,,Meno di una volta al mese,1000-2000 metri,A piedi/Bicicletta,Sì,5,No,,Città da visitare
28/03/2025 12.49.23,14-18(Adolescenza),,Sud Italia,Paese(<10.000 abitanti),8,Maschile,Studente,Talvolta con carta(≈40% delle volte),Sicurezza e Tracciabilità,Convenzione e Abitudine,Settimanalmente,<500 metri,A piedi/Bicicletta,Sì,4,Si,calcio ,Mare
28/03/2025 12.58.41,14-18(Adolescenza),,Sud Italia,Paese(<10.000 abitanti),9,Maschile,Studente,Sempre contante!,,Convenzione e Abitudine,Meno di una volta al mese,500-1000 metri,Automobile o Motocicletta,No,4,Si,Palestra ,Città da visitare
28/03/2025 13.04.19,14-18(Adolescenza),,Sud Italia,Paese(<10.000 abitanti),10,Maschile,Studente,Spesso con carta(≈80% delle volte),Comodità e Risparmio,Convenzione e Abitudine,Meno di una volta al mese,500-1000 metri,Automobile o Motocicletta,No,4,No,,Città da visitare
28/03/2025 13.06.16,14-18(Adolescenza),,Sud Italia,Paese(<10.000 abitanti),7,Femminile,Studente,Raramente con carta(≈20% delle volte),Comodità e Risparmio,Convenzione e Abitudine,Mensilmente,500-1000 metri,Mezzi Pubblici,Sì,5,Si,Danza ,Città da visitare
28/03/2025 13.09.01,14-18(Adolescenza),,Sud Italia,Paese(<10.000 abitanti),10,Maschile,Studente,Sempre contante!,,Comodità,,,,Sì,5,Si,Calcio,Mare
28/03/2025 13.10.56,18-25(Giovane),,Sud Italia,Paese(<10.000 abitanti),8,Maschile,Studente,Talvolta con carta(≈40% delle volte),Comodità e Risparmio,Affidabilità e Sicurezza,Meno di una volta al mese,1000-2000 metri,Automobile o Motocicletta,No,3,Si,Arbitro di calcio,Mare
28/03/2025 13.37.04,14-18(Adolescenza),,Sud Italia,Paese(<10.000 abitanti),10,Maschile,Studente,Sempre contante!,Mi sento obbligato/a dalle normative,Comodità,Meno di una volta al mese,1000-2000 metri,A piedi/Bicicletta,Sì,5,Si,calcio,Campagna
28/03/2025 15.55.02,35-50(Adulto),,Nord Italia,Paese(<10.000 abitanti),8,Femminile,Settore Terziario(Servizi e Commercio),Spesso con carta(≈80% delle volte),Comodità e Risparmio,,Meno di una volta al mese,1000-2000 metri,Automobile o Motocicletta,Sì,5,Si,Danza classica ,Montagna
28/03/2025 16.00.28,35-50(Adulto),Italia,Nord Italia,Paese(<10.000 abitanti),8,Femminile,Settore Terziario Avanzato(Professioni qualificate e tecnologie),Spesso con carta(≈80% delle volte),Comodità e Risparmio,,Bisettimanalmente,1000-2000 metri,Automobile o Motocicletta,Sì,4,Si,Pallavolo,Mare
28/03/2025 16.02.16,18-25(Giovane),Italia,Nord Italia,Paese(<10.000 abitanti),8,Femminile,Disoccupato,Spesso con carta(≈80% delle volte),Comodità e Risparmio,,Meno di una volta al mese,500-1000 metri,Automobile o Motocicletta,Sì,5,Si,Ginnastica artistica ,Mare
28/03/2025 16.08.56,35-50(Adulto),Italia,Nord Italia,Paese(<10.000 abitanti),8,Femminile,Settore Terziario(Servizi e Commercio),Spesso con carta(≈80% delle volte),Comodità e Risparmio,,Mensilmente,1000-2000 metri,Automobile o Motocicletta,Sì,4,Si,Pallavolo,Mare
28/03/2025 16.59.22,50-65(Adulto Affermato),Italia,Nord Italia,Grande Città (300.000 - 1.000.000 abitanti),9,Femminile,Settore Terziario(Servizi e Commercio),Talvolta con carta(≈40% delle volte),Sicurezza e Tracciabilità,Comodità,Mensilmente,<500 metri,A piedi/Bicicletta,Solo in passato,3,No,,Montagna
28/03/2025 17.16.36,50-65(Adulto Affermato),Italia,Nord Italia,Grande Città (300.000 - 1.000.000 abitanti),6,Femminile,Settore Terziario(Servizi e Commercio),Sempre con carta(≈ 100% delle volte),Sicurezza e Tracciabilità,,Mensilmente,500-1000 metri,Automobile o Motocicletta,Sì,3,Si,Camminata veloce,Montagna
28/03/2025 17.33.29,35-50(Adulto),Italia,Nord Italia,Paese(<10.000 abitanti),8,Femminile,Settore Terziario(Servizi e Commercio),Spesso con carta(≈80% delle volte),Comodità e Risparmio,,Meno di una volta al mese,500-1000 metri,Automobile o Motocicletta,Sì,5,Si,Danza classica ,Montagna
28/03/2025 19.12.05,50-65(Adulto Affermato),Italia,Nord Italia,Grande Città (300.000 - 1.000.000 abitanti),10,Femminile,Settore Terziario(Servizi e Commercio),Abitualmente con carta(≈60% delle volte),Comodità e Risparmio,,Bisettimanalmente,500-1000 metri,Automobile o Motocicletta,Sì,4,Si,Pilates danza,Mare
28/03/2025 19.31.49,35-50(Adulto),Italia,Nord Italia,Paese(<10.000 abitanti),8,Femminile,Settore Terziario(Servizi e Commercio),Spesso con carta(≈80% delle volte),Sicurezza e Tracciabilità,Dove non accettano pagamenti elettronici,Meno di una volta al mese,500-1000 metri,Automobile o Motocicletta,Sì,5,Si,Sci,Mare
28/03/2025 19.35.11,50-65(Adulto Affermato),Italia,Nord Italia,Paese(<10.000 abitanti),10,Femminile,Settore Terziario(Servizi e Commercio),Abitualmente con carta(≈60% delle volte),Comodità e Risparmio,Comodità,Meno di una volta al mese,2000 metri o più,Automobile o Motocicletta,Sì,4,No,,Città da visitare
28/03/2025 19.40.25,65+(Senior),Italia,Nord Italia,Grande Città (300.000 - 1.000.000 abitanti),8,Femminile,Settore Terziario(Servizi e Commercio),Spesso con carta(≈80% delle volte),Sicurezza e Tracciabilità,Tradizione,Meno di una volta al mese,500-1000 metri,A piedi/Bicicletta,No,4,No,,Città da visitare
28/03/2025 19.49.00,50-65(Adulto Affermato),Italia,Nord Italia,Paese(<10.000 abitanti),10,Maschile,Settore Terziario(Servizi e Commercio),Raramente con carta(≈20% delle volte),,Affidabilità e Sicurezza,Meno di una volta al mese,2000 metri o più,Automobile o Motocicletta,Sì,3,Si,Tennis ,Montagna
28/03/2025 20.25.49,50-65(Adulto Affermato),Italia,Nord Italia,Paese(<10.000 abitanti),10,Maschile,Settore Terziario(Servizi e Commercio),Abitualmente con carta(≈60% delle volte),Comodità e Risparmio,Comodità,Mensilmente,<500 metri,Automobile o Motocicletta,No,5,Si,Calcio,Mare
28/03/2025 20.28.47,35-50(Adulto),Italia,Nord Italia,Paese(<10.000 abitanti),8,Femminile,Settore Terziario(Servizi e Commercio),Spesso con carta(≈80% delle volte),Comodità e Risparmio,,Mensilmente,500-1000 metri,A piedi/Bicicletta,Sì,3,No,,Campagna
28/03/2025 20.37.05,50-65(Adulto Affermato),Italia,Nord Italia,Cittadina(10.000-50.000 abitanti),8,Femminile,Settore Terziario(Servizi e Commercio),Sempre contante!,Mi sento obbligato/a dalle normative,per me sono dei soldi veri,Bisettimanalmente,500-1000 metri,A piedi/Bicicletta,No,3,Si,yoga,Montagna
28/03/2025 20.52.02,35-50(Adulto),Italia,Nord Italia,Paese(<10.000 abitanti),10,Femminile,Settore Terziario(Servizi e Commercio),Talvolta con carta(≈40% delle volte),,,Meno di una volta al mese,2000 metri o più,Mezzi Pubblici,Sì,5,Si,Beach volley,
28/03/2025 20.52.56,50-65(Adulto Affermato),Italia,Nord Italia,Città (50.000-300.000 abitanti,9,Femminile,Disoccupato,Sempre contante!,Comodità e Risparmio,Comodità,Mensilmente,500-1000 metri,A piedi/Bicicletta,Sì,4,Si,Pilates,Mare
28/03/2025 21.09.59,50-65(Adulto Affermato),Italia,Sud Italia,Cittadina(10.000-50.000 abitanti),10,Femminile,Settore Terziario(Servizi e Commercio),Spesso con carta(≈80% delle volte),Comodità e Risparmio,In alcune attività commerciali manca il pos,Meno di una volta al mese,1000-2000 metri,Automobile o Motocicletta,Sì,5,Si,Pilates,Mare
28/03/2025 21.12.41,35-50(Adulto),Italia,Nord Italia,Paese(<10.000 abitanti),10,Femminile,Settore Terziario(Servizi e Commercio),Raramente con carta(≈20% delle volte),Mi sento obbligato/a dalle normative,Evitare eccessivo controllo,Mensilmente,2000 metri o più,A piedi/Bicicletta,Sì,5,Si,Nuoto,Montagna
28/03/2025 21.20.33,50-65(Adulto Affermato),Italia,Nord Italia,Grande Città (300.000 - 1.000.000 abitanti),8,Femminile,Settore Terziario(Servizi e Commercio),Abitualmente con carta(≈60% delle volte),Comodità e Risparmio,,Bisettimanalmente,<500 metri,A piedi/Bicicletta,No,2,Si,Corsa,Montagna
28/03/2025 21.46.12,35-50(Adulto),Italia,Nord Italia,Grande Città (300.000 - 1.000.000 abitanti),10,Femminile,Settore Terziario(Servizi e Commercio),Spesso con carta(≈80% delle volte),Cura dell'ambiente,,Meno di una volta al mese,2000 metri o più,Automobile o Motocicletta,No,5,Si,Equitazione ,Montagna
28/03/2025 22.01.29,35-50(Adulto),Italia,Nord Italia,Cittadina(10.000-50.000 abitanti),10,Maschile,Settore Secondario( Industria e Artigianato),Abitualmente con carta(≈60% delle volte),Comodità e Risparmio,,Meno di una volta al mese,2000 metri o più,Automobile o Motocicletta,Sì,3,No,,Mare
28/03/2025 22.01.52,50-65(Adulto Affermato),Italia,Nord Italia,Paese(<10.000 abitanti),10,Femminile,Settore Terziario(Servizi e Commercio),Spesso con carta(≈80% delle volte),Comodità e Risparmio,Convenzione e Abitudine,Mensilmente,500-1000 metri,Automobile o Motocicletta,Sì,4,Si,Ginnastica,Città da visitare
28/03/2025 22.16.53,14-18(Adolescenza),Italia,Nord Italia,Cittadina(10.000-50.000 abitanti),10,Femminile,Studente,Sempre contante!,Cura dell'ambiente,Tradizione,Meno di una volta al mese,2000 metri o più,Automobile o Motocicletta,Sì,5,Si,Danza,Mare
28/03/2025 22.18.50,14-18(Adolescenza),Italia,Nord Italia,Cittadina(10.000-50.000 abitanti),10,Femminile,Studente,Talvolta con carta(≈40% delle volte),Comodità e Risparmio,Comodità,Meno di una volta al mese,1000-2000 metri,Automobile o Motocicletta,Sì,5,Si,Danza classica e moderna ,Mare
28/03/2025 22.20.20,35-50(Adulto),Italia,Nord Italia,Cittadina(10.000-50.000 abitanti),10,Femminile,Settore Secondario( Industria e Artigianato),Spesso con carta(≈80% delle volte),Comodità e Risparmio,Convenzione e Abitudine,Meno di una volta al mese,500-1000 metri,Automobile o Motocicletta,Sì,5,Si,"Calcio, atletica,tennis,sci,nuoto",Città da visitare
28/03/2025 22.28.26,18-25(Giovane),Italia,Nord Italia,Paese(<10.000 abitanti),6,Maschile,Settore Secondario( Industria e Artigianato),Sempre con carta(≈ 100% delle volte),Comodità e Risparmio,Comodità,Settimanalmente,500-1000 metri,Automobile o Motocicletta,Sì,5,No,,Mare
28/03/2025 22.29.14,25-35(Giovane Adulto),Italia,Nord Italia,Paese(<10.000 abitanti),10,Femminile,Settore Terziario(Servizi e Commercio),Sempre con carta(≈ 100% delle volte),Comodità e Risparmio,,Mensilmente,<500 metri,Automobile o Motocicletta,Sì,1,Si,Pallavolo,Mare
28/03/2025 22.44.25,35-50(Adulto),Italia,Nord Italia,Paese(<10.000 abitanti),9,Femminile,Settore Terziario(Servizi e Commercio),Abitualmente con carta(≈60% delle volte),Comodità e Risparmio,Comodità,Meno di una volta al mese,<500 metri,A piedi/Bicicletta,Sì,5,Si,"Yoga, camminata, palestra ",Montagna
28/03/2025 22.54.28,65+(Senior),Italia,Nord Italia,Grande Città (300.000 - 1.000.000 abitanti),8,Femminile,Pensionato,Spesso con carta(≈80% delle volte),Comodità e Risparmio,Convenzione e Abitudine,Meno di una volta al mese,500-1000 metri,A piedi/Bicicletta,No,4,No,,Città da visitare
29/03/2025 6.58.13,50-65(Adulto Affermato),Italia,Nord Italia,Grande Città (300.000 - 1.000.000 abitanti),10,Maschile,Settore Terziario(Servizi e Commercio),Sempre contante!,Quando non ho sufficiente contante ,Piccole cifre più comodo il contante,Mensilmente,<500 metri,A piedi/Bicicletta,No,5,Si,"Boxe , pesi , sci , nuoto , scherma ",Tutte le precedenti 
29/03/2025 8.08.49,35-50(Adulto),Italia,Nord Italia,Cittadina(10.000-50.000 abitanti),10,Femminile,Settore Terziario(Servizi e Commercio),Abitualmente con carta(≈60% delle volte),Comodità e Risparmio,Convenzione e Abitudine,Mensilmente,2000 metri o più,Automobile o Motocicletta,Sì,5,No,,Città da visitare
29/03/2025 9.26.00,35-50(Adulto),Italia,Nord Italia,Grande Città (300.000 - 1.000.000 abitanti),8,Maschile,Settore Terziario(Servizi e Commercio),Spesso con carta(≈80% delle volte),Comodità e Risparmio,,Bisettimanalmente,1000-2000 metri,A piedi/Bicicletta,Solo in passato,5,Si,Podismo. Ma sono allenatore di calcio ed arbitro di calcio e basket.,Mare
29/03/2025 11.39.49,65+(Senior),Italia,Nord Italia,Città (50.000-300.000 abitanti,10,Maschile,Pensionato,Sempre contante!,Sicurezza e Tracciabilità,Convenzione e Abitudine,Bisettimanalmente,<500 metri,A piedi/Bicicletta,No,3,No,,Mare
29/03/2025 11.52.01,35-50(Adulto),Italia,Nord Italia,Grande Città (300.000 - 1.000.000 abitanti),10,Femminile,Settore Terziario(Servizi e Commercio),Talvolta con carta(≈40% delle volte),Casuale ,Tradizione,Mensilmente,1000-2000 metri,Automobile o Motocicletta,No,3,Si,Corsa ,Città da visitare
29/03/2025 13.51.00,35-50(Adulto),Italia,Nord Italia,Paese(<10.000 abitanti),10,Femminile,Settore Secondario( Industria e Artigianato),Raramente con carta(≈20% delle volte),,Convenzione e Abitudine,Meno di una volta al mese,1000-2000 metri,Automobile o Motocicletta,Sì,2,Si,Danza,Mare
29/03/2025 14.05.50,35-50(Adulto),Italia,Nord Italia,Paese(<10.000 abitanti),10,Femminile,Settore Terziario(Servizi e Commercio),Sempre con carta(≈ 100% delle volte),Sicurezza e Tracciabilità,,Mensilmente,<500 metri,Automobile o Motocicletta,No,5,Si,Pilates ,Mare
29/03/2025 14.19.39,35-50(Adulto),Italia,Nord Italia,Paese(<10.000 abitanti),9,Maschile,Settore Terziario(Servizi e Commercio),Abitualmente con carta(≈60% delle volte),Mi sento obbligato/a dalle normative,Convenzione e Abitudine,Bisettimanalmente,<500 metri,A piedi/Bicicletta,Sì,5,Si,Corsa,Montagna
29/03/2025 14.29.11,50-65(Adulto Affermato),Italia,Nord Italia,Grande Città (300.000 - 1.000.000 abitanti),10,Femminile,Settore Terziario(Servizi e Commercio),Spesso con carta(≈80% delle volte),Comodità e Risparmio,Convenzione e Abitudine,Bisettimanalmente,500-1000 metri,A piedi/Bicicletta,Sì,5,Si,Ginnastica ,Montagna
29/03/2025 14.33.51,50-65(Adulto Affermato),Italia,Nord Italia,Grande Città (300.000 - 1.000.000 abitanti),10,Maschile,Settore Terziario(Servizi e Commercio),Spesso con carta(≈80% delle volte),Comodità e Risparmio,Tradizione,Bisettimanalmente,1000-2000 metri,A piedi/Bicicletta,Sì,5,Si,Tennis,Montagna
29/03/2025 14.52.58,35-50(Adulto),Italia,Nord Italia,Paese(<10.000 abitanti),9,Femminile,Settore Terziario(Servizi e Commercio),Abitualmente con carta(≈60% delle volte),Comodità e Risparmio,Comodità,Meno di una volta al mese,<500 metri,A piedi/Bicicletta,Sì,4,Si,Ginnastica a casa,Città da visitare
29/03/2025 14.58.09,50-65(Adulto Affermato),Italia,Nord Italia,Grande Città (300.000 - 1.000.000 abitanti),10,Femminile,Settore Terziario(Servizi e Commercio),Sempre con carta(≈ 100% delle volte),Comodità e Risparmio,,Meno di una volta al mese,<500 metri,A piedi/Bicicletta,No,5,Si,Nuoto ,Montagna
29/03/2025 15.30.59,35-50(Adulto),Italia,Nord Italia,Città (50.000-300.000 abitanti,10,Femminile,Settore Terziario(Servizi e Commercio),Sempre con carta(≈ 100% delle volte),Sicurezza e Tracciabilità,Comodità,Settimanalmente,<500 metri,Automobile o Motocicletta,Sì,5,Si,Tennis sci palestra,Montagna
29/03/2025 15.43.18,35-50(Adulto),Italia,Nord Italia,Cittadina(10.000-50.000 abitanti),10,Maschile,Settore Terziario(Servizi e Commercio),Sempre con carta(≈ 100% delle volte),Comodità e Risparmio,,Bisettimanalmente,500-1000 metri,Automobile o Motocicletta,Sì,5,No,Tennis e sci,Montagna
29/03/2025 15.46.42,35-50(Adulto),Italia,Nord Italia,Paese(<10.000 abitanti),9,Femminile,Settore Terziario(Servizi e Commercio),Sempre contante!,Mi sento obbligato/a dalle normative,,Meno di una volta al mese,500-1000 metri,Automobile o Motocicletta,No,5,Si,Pilates ,Mare
29/03/2025 15.46.48,35-50(Adulto),Italia,Nord Italia,Cittadina(10.000-50.000 abitanti),10,Maschile,Settore Terziario(Servizi e Commercio),Sempre con carta(≈ 100% delle volte),non ho mai contanti in tasca,,Meno di una volta al mese,500-1000 metri,Automobile o Motocicletta,Sì,5,Si,Pallacanestro e Sci,Città da visitare
29/03/2025 15.48.20,35-50(Adulto),Italia,Nord Italia,Cittadina(10.000-50.000 abitanti),10,Femminile,Settore Terziario(Servizi e Commercio),Spesso con carta(≈80% delle volte),Sicurezza e Tracciabilità,,Mensilmente,2000 metri o più,Automobile o Motocicletta,Sì,4,Si,Passeggiata veloce ,Città da visitare
29/03/2025 15.50.26,50-65(Adulto Affermato),Italia,Nord Italia,Cittadina(10.000-50.000 abitanti),8,Femminile,Settore Terziario(Servizi e Commercio),Sempre con carta(≈ 100% delle volte),Comodità e Risparmio,,Meno di una volta al mese,500-1000 metri,A piedi/Bicicletta,No,3,Si,"Bici, jogging, palestra ",Montagna
29/03/2025 15.56.22,50-65(Adulto Affermato),Italia,Nord Italia,Paese(<10.000 abitanti),10,Femminile,Settore Terziario(Servizi e Commercio),Abitualmente con carta(≈60% delle volte),Sicurezza e Tracciabilità,,Meno di una volta al mese,1000-2000 metri,Automobile o Motocicletta,Sì,5,Si,Camminate nuoto palestra bici,Mare
29/03/2025 16.06.11,25-35(Giovane Adulto),Italia,Nord Italia,Cittadina(10.000-50.000 abitanti),10,Maschile,Settore Terziario(Servizi e Commercio),Abitualmente con carta(≈60% delle volte),Comodità e Risparmio,,Bisettimanalmente,500-1000 metri,Automobile o Motocicletta,Sì,4,Si,"Arrampicata, Escursionismo",Montagna
29/03/2025 16.13.08,50-65(Adulto Affermato),Italia,Nord Italia,Cittadina(10.000-50.000 abitanti),8,Femminile,Settore Terziario(Servizi e Commercio),Sempre con carta(≈ 100% delle volte),Comodità e Risparmio,,Meno di una volta al mese,2000 metri o più,Automobile o Motocicletta,Sì,4,Si,Allenamento in palestra,Città da visitare
29/03/2025 16.46.07,35-50(Adulto),Italia,Nord Italia,Paese(<10.000 abitanti),10,Maschile,Settore Terziario(Servizi e Commercio),Abitualmente con carta(≈60% delle volte),Sicurezza e Tracciabilità,Comodità,Settimanalmente,500-1000 metri,A piedi/Bicicletta,Sì,4,Si,Palestra ,Mare
29/03/2025 16.47.53,50-65(Adulto Affermato),Italia,Nord Italia,Grande Città (300.000 - 1.000.000 abitanti),10,Femminile,Settore Terziario(Servizi e Commercio),Spesso con carta(≈80% delle volte),Comodità e Risparmio,,Meno di una volta al mese,<500 metri,A piedi/Bicicletta,Sì,5,Si,Sci corsa yoga nuoto,Montagna
29/03/2025 16.53.59,35-50(Adulto),Italia,Nord Italia,Cittadina(10.000-50.000 abitanti),9,Maschile,Settore Terziario(Servizi e Commercio),Raramente con carta(≈20% delle volte),Mi sento obbligato/a dalle normative,Affidabilità e Sicurezza,Mensilmente,<500 metri,A piedi/Bicicletta,No,4,Si,Mountain bike,Mare
29/03/2025 16.55.49,50-65(Adulto Affermato),Italia,Nord Italia,Grande Città (300.000 - 1.000.000 abitanti),10,Femminile,Settore Terziario(Servizi e Commercio),Spesso con carta(≈80% delle volte),Sicurezza e Tracciabilità,,Mensilmente,2000 metri o più,Automobile o Motocicletta,Solo in passato,4,Si,Camminata,Montagna
29/03/2025 17.35.58,35-50(Adulto),Italia,Nord Italia,Metropoli (1.000.000 di abitanti o più),9,Femminile,Settore Terziario(Servizi e Commercio),Spesso con carta(≈80% delle volte),Comodità e Risparmio,,Meno di una volta al mese,<500 metri,A piedi/Bicicletta,Solo in passato,5,No,,Città da visitare
29/03/2025 17.37.59,25-35(Giovane Adulto),Italia,Nord Italia,Grande Città (300.000 - 1.000.000 abitanti),10,Femminile,Settore Terziario(Servizi e Commercio),Abitualmente con carta(≈60% delle volte),Spesso non ho abbastanza contante nel portafoglio ,,Meno di una volta al mese,<500 metri,A piedi/Bicicletta,No,4,Si,"Ballo, nuoto ",Mare
29/03/2025 17.38.53,25-35(Giovane Adulto),Italia,Nord Italia,Grande Città (300.000 - 1.000.000 abitanti),10,Femminile,Settore Terziario(Servizi e Commercio),Sempre con carta(≈ 100% delle volte),Comodità e Risparmio,,Meno di una volta al mese,500-1000 metri,Automobile o Motocicletta,No,5,Si,Palestra,Montagna
29/03/2025 17.44.33,50-65(Adulto Affermato),Italia,Nord Italia,Grande Città (300.000 - 1.000.000 abitanti),10,Femminile,Settore Terziario(Servizi e Commercio),Spesso con carta(≈80% delle volte),Comodità e Risparmio,,Settimanalmente,<500 metri,A piedi/Bicicletta,Sì,4,Si,Palestra,Mare
29/03/2025 17.51.17,35-50(Adulto),Italia,Nord Italia,Città (50.000-300.000 abitanti,7,Femminile,Settore Terziario(Servizi e Commercio),Sempre con carta(≈ 100% delle volte),Comodità e Risparmio,,Mensilmente,<500 metri,A piedi/Bicicletta,Sì,4,No,,Mare
29/03/2025 18.00.21,35-50(Adulto),Italia,Nord Italia,Grande Città (300.000 - 1.000.000 abitanti),10,Femminile,Settore Terziario(Servizi e Commercio),Talvolta con carta(≈40% delle volte),Comodità e Risparmio,,Mensilmente,<500 metri,A piedi/Bicicletta,Solo in passato,5,Si,Corsa,Città da visitare
29/03/2025 18.07.04,50-65(Adulto Affermato),Italia,Nord Italia,Grande Città (300.000 - 1.000.000 abitanti),10,Femminile,Settore Terziario(Servizi e Commercio),Spesso con carta(≈80% delle volte),Comodità e Risparmio,,Bisettimanalmente,<500 metri,A piedi/Bicicletta,Solo in passato,4,Si,Danza,Città da visitare
29/03/2025 18.21.24,35-50(Adulto),Italia,Nord Italia,Grande Città (300.000 - 1.000.000 abitanti),10,Femminile,Settore Terziario(Servizi e Commercio),Sempre con carta(≈ 100% delle volte),Comodità e Risparmio,,Meno di una volta al mese,<500 metri,A piedi/Bicicletta,Sì,5,Si,"Pilates, corsa",Mare
29/03/2025 18.49.45,35-50(Adulto),Italia,Nord Italia,Cittadina(10.000-50.000 abitanti),9,Femminile,Settore Secondario( Industria e Artigianato),Raramente con carta(≈20% delle volte),,Affidabilità e Sicurezza,Mensilmente,500-1000 metri,A piedi/Bicicletta,No,4,Si,Palestra,Mare
29/03/2025 19.47.59,35-50(Adulto),Italia,Nord Italia,Cittadina(10.000-50.000 abitanti),8,Maschile,Settore Secondario( Industria e Artigianato),Sempre con carta(≈ 100% delle volte),Sicurezza e Tracciabilità,,Meno di una volta al mese,2000 metri o più,Automobile o Motocicletta,No,5,Si,Calcio e corsa,Montagna
30/03/2025 8.25.19,35-50(Adulto),Italia,Nord Italia,Cittadina(10.000-50.000 abitanti),8,Femminile,Settore Terziario(Servizi e Commercio),Sempre contante!,,Comodità,Meno di una volta al mese,1000-2000 metri,A piedi/Bicicletta,Sì,3,Si,"Atletica. bici, sci di fondo",Montagna
30/03/2025 12.12.37,25-35(Giovane Adulto),Estero,,Metropoli (1.000.000 di abitanti o più),10,Maschile,Settore Terziario(Servizi e Commercio),Sempre con carta(≈ 100% delle volte),Comodità e Risparmio,,Meno di una volta al mese,<500 metri,A piedi/Bicicletta,No,5,Si,"Calcio, Tennis, Padel",Montagna
30/03/2025 22.42.31,35-50(Adulto),Italia,Nord Italia,Paese(<10.000 abitanti),9,Maschile,Settore Secondario( Industria e Artigianato),Spesso con carta(≈80% delle volte),Sicurezza e Tracciabilità,,Meno di una volta al mese,2000 metri o più,Automobile o Motocicletta,Sì,4,Si,Pallavolo,Montagna
31/03/2025 10.04.36,50-65(Adulto Affermato),Italia,Nord Italia,Paese(<10.000 abitanti),9,Femminile,Settore Terziario(Servizi e Commercio),Spesso con carta(≈80% delle volte),Comodità e Risparmio,,Bisettimanalmente,1000-2000 metri,Automobile o Motocicletta,Sì,4,No,,Montagna
31/03/2025 13.26.46,18-25(Giovane),Italia,Sud Italia,Città (50.000-300.000 abitanti,8,Femminile,Studente,Talvolta con carta(≈40% delle volte),Comodità e Risparmio,Convenzione e Abitudine,Meno di una volta al mese,500-1000 metri,Automobile o Motocicletta,Sì,5,Si,Pattinaggio artistico a rotelle,Mare
31/03/2025 13.27.00,18-25(Giovane),Italia,Sud Italia,Città (50.000-300.000 abitanti,10,Femminile,Studente,Spesso con carta(≈80% delle volte),Comodità e Risparmio,Convenzione e Abitudine,Settimanalmente,500-1000 metri,A piedi/Bicicletta,Sì,5,Si,pattinaggio,Città da visitare
31/03/2025 13.28.41,18-25(Giovane),Italia,Sud Italia,Città (50.000-300.000 abitanti,10,Femminile,Studente,Sempre con carta(≈ 100% delle volte),Comodità e Risparmio,,Ogni 2/3 giorni (circa 10 volte al mese),<500 metri,A piedi/Bicicletta,No,5,Si,,Mare
31/03/2025 13.29.23,18-25(Giovane),Italia,Sud Italia,Città (50.000-300.000 abitanti,10,Femminile,Studente,Spesso con carta(≈80% delle volte),Comodità e Risparmio,,Meno di una volta al mese,<500 metri,Automobile o Motocicletta,Sì,4,Si,pattinaggio ,Città da visitare
31/03/2025 13.31.34,18-25(Giovane),Italia,Centro Italia,Metropoli (1.000.000 di abitanti o più),7,Maschile,Studente,Sempre con carta(≈ 100% delle volte),,,Settimanalmente,<500 metri,A piedi/Bicicletta,,,,,
31/03/2025 13.32.13,18-25(Giovane),Italia,Sud Italia,Città (50.000-300.000 abitanti,8,Femminile,Studente,Abitualmente con carta(≈60% delle volte),Comodità e Risparmio,,Meno di una volta al mese,<500 metri,A piedi/Bicicletta,No,4,No,,Mare
31/03/2025 13.35.50,18-25(Giovane),Italia,Sud Italia,Cittadina(10.000-50.000 abitanti),10,Femminile,Studente,Sempre con carta(≈ 100% delle volte),Sicurezza e Tracciabilità,,Meno di una volta al mese,<500 metri,Automobile o Motocicletta,Solo in passato,5,Si,danza,Mare
31/03/2025 13.38.50,18-25(Giovane),Italia,Nord Italia,Metropoli (1.000.000 di abitanti o più),7,Femminile,Studente,Spesso con carta(≈80% delle volte),Comodità e Risparmio,,Mensilmente,2000 metri o più,Mezzi Pubblici,No,5,Si,Pattinaggio,Mare
31/03/2025 13.40.20,18-25(Giovane),Italia,Nord Italia,Grande Città (300.000 - 1.000.000 abitanti),10,Maschile,Studente,Sempre con carta(≈ 100% delle volte),Comodità e Risparmio,,Meno di una volta al mese,500-1000 metri,A piedi/Bicicletta,No,4,Si,Pallavolo,Città da visitare
31/03/2025 13.42.25,18-25(Giovane),Italia,Nord Italia,Paese(<10.000 abitanti),10,Femminile,Studente,Spesso con carta(≈80% delle volte),Sicurezza e Tracciabilità,,Meno di una volta al mese,1000-2000 metri,Automobile o Motocicletta,Sì,3,Si,pattinaggio artistico su ghiaccio,Montagna
31/03/2025 13.42.30,18-25(Giovane),Italia,Nord Italia,Grande Città (300.000 - 1.000.000 abitanti),10,Femminile,Studente,Spesso con carta(≈80% delle volte),Comodità e Risparmio,,Meno di una volta al mese,500-1000 metri,A piedi/Bicicletta,Sì,5,Si,,Mare
31/03/2025 13.44.56,18-25(Giovane),Italia,Sud Italia,Città (50.000-300.000 abitanti,10,Femminile,Disoccupato,Sempre con carta(≈ 100% delle volte),Comodità e Risparmio,,Meno di una volta al mese,<500 metri,A piedi/Bicicletta,No,5,Si,Pattinaggio ,Mare
31/03/2025 13.45.16,65+(Senior),Italia,Sud Italia,Grande Città (300.000 - 1.000.000 abitanti),10,Femminile,Pensionato,Talvolta con carta(≈40% delle volte),Cura dell'ambiente,Convenzione e Abitudine,Meno di una volta al mese,2000 metri o più,Automobile o Motocicletta,Sì,5,No,,Mare
31/03/2025 13.50.43,18-25(Giovane),Italia,Sud Italia,Città (50.000-300.000 abitanti,10,Femminile,Studente,Talvolta con carta(≈40% delle volte),Sicurezza e Tracciabilità,,Meno di una volta al mese,500-1000 metri,Automobile o Motocicletta,Sì,3,Si,Pattinaggio artistico a rotelle ,Mare
31/03/2025 13.53.49,18-25(Giovane),Italia,Nord Italia,Città (50.000-300.000 abitanti,10,Femminile,Studente,Spesso con carta(≈80% delle volte),Comodità e Risparmio,,Meno di una volta al mese,500-1000 metri,A piedi/Bicicletta,No,5,Si,Canottaggio,Mare
31/03/2025 13.57.01,18-25(Giovane),Italia,Centro Italia,Metropoli (1.000.000 di abitanti o più),10,Femminile,Settore Terziario(Servizi e Commercio),Spesso con carta(≈80% delle volte),Comodità e Risparmio,Comodità,Meno di una volta al mese,<500 metri,A piedi/Bicicletta,Sì,5,Si,pattinaggio,Mare
31/03/2025 14.03.01,18-25(Giovane),Italia,Nord Italia,Grande Città (300.000 - 1.000.000 abitanti),10,Femminile,Studente,Spesso con carta(≈80% delle volte),Comodità e Risparmio,,Mensilmente,<500 metri,A piedi/Bicicletta,Sì,5,No,,Mare
31/03/2025 14.05.12,18-25(Giovane),Italia,Nord Italia,Paese(<10.000 abitanti),9,Femminile,Studente,Raramente con carta(≈20% delle volte),Mi sento obbligato/a dalle normative,Tradizione,Ogni 2/3 giorni (circa 10 volte al mese),<500 metri,Automobile o Motocicletta,Sì,5,Si,tennis,Mare
31/03/2025 16.02.15,18-25(Giovane),Italia,Nord Italia,Grande Città (300.000 - 1.000.000 abitanti),10,Femminile,Studente,Sempre con carta(≈ 100% delle volte),Mi sento obbligato/a dalle normative,,Meno di una volta al mese,1000-2000 metri,Automobile o Motocicletta,Sì,5,Si,Sci alpino ,Montagna
01/04/2025 12.32.43,50-65(Adulto Affermato),Italia,Nord Italia,Grande Città (300.000 - 1.000.000 abitanti),10,Femminile,Settore Terziario(Servizi e Commercio),Spesso con carta(≈80% delle volte),Comodità e Risparmio,,Meno di una volta al mese,<500 metri,A piedi/Bicicletta,Sì,5,No,,Mare
01/04/2025 17.30.47,18-25(Giovane),Italia,Nord Italia,Paese(<10.000 abitanti),8,Femminile,Studente,Spesso con carta(≈80% delle volte),Comodità e Risparmio,,Meno di una volta al mese,1000-2000 metri,A piedi/Bicicletta,Sì,5,No,ginnastica ritmica ,Mare
01/04/2025 17.32.42,18-25(Giovane),Italia,Centro Italia,Metropoli (1.000.000 di abitanti o più),8,Femminile,Studente,Sempre con carta(≈ 100% delle volte),Comodità e Risparmio,,Meno di una volta al mese,<500 metri,A piedi/Bicicletta,Sì,5,Si,,Città da visitare
01/04/2025 17.35.58,18-25(Giovane),Italia,Sud Italia,Cittadina(10.000-50.000 abitanti),8,Femminile,Studente,Sempre con carta(≈ 100% delle volte),Comodità e Risparmio,,Meno di una volta al mese,500-1000 metri,A piedi/Bicicletta,Sì,5,Si,kick boxing ,Mare
01/04/2025 17.42.30,18-25(Giovane),Italia,Nord Italia,Cittadina(10.000-50.000 abitanti),8,Femminile,Studente,Spesso con carta(≈80% delle volte),Sicurezza e Tracciabilità,,Meno di una volta al mese,<500 metri,A piedi/Bicicletta,No,4,Si,danza,Mare
01/04/2025 18.12.56,18-25(Giovane),Italia,Nord Italia,Grande Città (300.000 - 1.000.000 abitanti),10,Femminile,Studente,Sempre con carta(≈ 100% delle volte),Comodità e Risparmio,,Meno di una volta al mese,<500 metri,A piedi/Bicicletta,Solo in passato,5,Si,danza,Città da visitare
02/04/2025 9.32.27,35-50(Adulto),Italia,Nord Italia,Paese(<10.000 abitanti),10,Femminile,Settore Terziario(Servizi e Commercio),Abitualmente con carta(≈60% delle volte),Comodità e Risparmio,,Bisettimanalmente,1000-2000 metri,Automobile o Motocicletta,Sì,4,Si,pilates,Mare
04/04/2025 10.28.44,18-25(Giovane),Italia,Nord Italia,Paese(<10.000 abitanti),10,Femminile,Studente,Sempre con carta(≈ 100% delle volte),Comodità e Risparmio,,Meno di una volta al mese,500-1000 metri,Automobile o Motocicletta,No,5,,,Montagna
04/04/2025 10.45.03,18-25(Giovane),Italia,Nord Italia,Paese(<10.000 abitanti),9,Maschile,Settore Terziario(Servizi e Commercio),Spesso con carta(≈80% delle volte),Comodità e Risparmio,Convenzione e Abitudine,Meno di una volta al mese,<500 metri,Automobile o Motocicletta,Sì,5,No,,Mare
04/04/2025 11.14.29,18-25(Giovane),Italia,Nord Italia,Paese(<10.000 abitanti),10,Femminile,Studente,Talvolta con carta(≈40% delle volte),Non ho contanti / per comodità ,,Meno di una volta al mese,2000 metri o più,Automobile o Motocicletta,Sì,4,Si,Karate ,Montagna
05/04/2025 14.42.00,50-65(Adulto Affermato),Italia,Nord Italia,Cittadina(10.000-50.000 abitanti),8,Femminile,Settore Terziario(Servizi e Commercio),Sempre con carta(≈ 100% delle volte),Comodità e Risparmio,,Meno di una volta al mese,<500 metri,A piedi/Bicicletta,No,3,No,,Città da visitare
05/04/2025 14.46.58,35-50(Adulto),Italia,Sud Italia,Città (50.000-300.000 abitanti),10,Femminile,Settore Terziario(Servizi e Commercio),Sempre con carta(≈ 100% delle volte),Comodità e Risparmio,,Mensilmente,<500 metri,Automobile o Motocicletta,Sì,5,Si,Palestra ,Mare
05/04/2025 14.47.08,18-25(Giovane),Italia,Nord Italia,Metropoli (1.000.000 di abitanti o più),9,Femminile,Studente,Spesso con carta(≈80% delle volte),Comodità e Risparmio,,Meno di una volta al mese,500-1000 metri,A piedi/Bicicletta,No,4,Si,nuoto,Mare
05/04/2025 14.47.08,50-65(Adulto Affermato),Italia,Nord Italia,Cittadina(10.000-50.000 abitanti),8,Maschile,Settore Secondario( Industria e Artigianato),Sempre contante!,,Controllo spesa,Settimanalmente,<500 metri,A piedi/Bicicletta,No,1,No,,Montagna
05/04/2025 14.48.41,18-25(Giovane),Italia,Centro Italia,Città (50.000-300.000 abitanti),10,Femminile,Settore Terziario(Servizi e Commercio),Sempre con carta(≈ 100% delle volte),Comodità e Risparmio,,Meno di una volta al mese,<500 metri,A piedi/Bicicletta,No,5,Si,,Mare
05/04/2025 14.49.39,50-65(Adulto Affermato),Italia,Sud Italia,Città (50.000-300.000 abitanti),10,Maschile,Settore Terziario(Servizi e Commercio),Spesso con carta(≈80% delle volte),Sicurezza e Tracciabilità,,Meno di una volta al mese,500-1000 metri,Automobile o Motocicletta,Sì,4,No,,Città da visitare
05/04/2025 14.50.39,18-25(Giovane),Italia,Nord Italia,Città (50.000-300.000 abitanti),9,Femminile,Studente,Abitualmente con carta(≈60% delle volte),Sicurezza e Tracciabilità,,Meno di una volta al mese,<500 metri,A piedi/Bicicletta,Sì,4,Si,Pattinaggio ,Mare
05/04/2025 14.51.29,18-25(Giovane),Italia,Centro Italia,Metropoli (1.000.000 di abitanti o più),8,Maschile,Studente,Spesso con carta(≈80% delle volte),Comodità e Risparmio,,Mensilmente,500-1000 metri,A piedi/Bicicletta,No,5,No,,Città da visitare
05/04/2025 14.51.44,25-35(Giovane Adulto),Italia,Nord Italia,Metropoli (1.000.000 di abitanti o più),9,Femminile,Settore Terziario(Servizi e Commercio),Spesso con carta(≈80% delle volte),Comodità e Risparmio,,Meno di una volta al mese,<500 metri,A piedi/Bicicletta,No,5,Si,Pattinaggio artistico a rotelle ,Città da visitare
05/04/2025 14.53.47,35-50(Adulto),Italia,Sud Italia,Città (50.000-300.000 abitanti),10,Femminile,Settore Terziario(Servizi e Commercio),Spesso con carta(≈80% delle volte),Cura dell'ambiente,.,Mensilmente,2000 metri o più,Automobile o Motocicletta,No,4,Si,Pattinaggio ,Mare
05/04/2025 14.55.38,18-25(Giovane),Italia,Nord Italia,Cittadina(10.000-50.000 abitanti),8,Femminile,Studente,Spesso con carta(≈80% delle volte),Comodità e Risparmio,,Bisettimanalmente,1000-2000 metri,Automobile o Motocicletta,No,4,Si,danza/nuoto/palestra,Città da visitare
05/04/2025 15.01.53,18-25(Giovane),Italia,Nord Italia,Grande Città (300.000 - 1.000.000 abitanti),10,Maschile,Studente,Sempre con carta(≈ 100% delle volte),Comodità e Risparmio,,Meno di una volta al mese,500-1000 metri,A piedi/Bicicletta,No,3,Si,Pallavolo,Montagna
05/04/2025 15.03.14,14-18(Adolescenza),Italia,Sud Italia,Città (50.000-300.000 abitanti),8,Femminile,Studente,Spesso con carta(≈80% delle volte),Comodità e Risparmio,Necessità ,Meno di una volta al mese,500-1000 metri,A piedi/Bicicletta,Solo in passato,4,Si,Pattinaggio e sci,Montagna
05/04/2025 15.04.06,18-25(Giovane),Italia,Nord Italia,Cittadina(10.000-50.000 abitanti),7,Femminile,Studente,Talvolta con carta(≈40% delle volte),Comodità e Risparmio,Comodità,Meno di una volta al mese,500-1000 metri,A piedi/Bicicletta,Solo in passato,5,Si,Palestra ,Città da visitare
05/04/2025 15.11.12,18-25(Giovane),Italia,Sud Italia,Città (50.000-300.000 abitanti),8,Femminile,Studente,Spesso con carta(≈80% delle volte),Comodità e Risparmio,Convenzione e Abitudine,Meno di una volta al mese,500-1000 metri,Automobile o Motocicletta,Sì,3,Si,padel ,Città da visitare
05/04/2025 15.12.45,14-18(Adolescenza),Italia,Sud Italia,Metropoli (1.000.000 di abitanti o più),7,Femminile,Studente,Raramente con carta(≈20% delle volte),,Affidabilità e Sicurezza,Meno di una volta al mese,2000 metri o più,Automobile o Motocicletta,Sì,5,Si,Pattinaggio Artistico ,Mare
05/04/2025 15.15.45,35-50(Adulto),Italia,Sud Italia,Città (50.000-300.000 abitanti),8,Maschile,Settore Terziario(Servizi e Commercio),Sempre contante!,Sicurezza e Tracciabilità,Comodità,Meno di una volta al mese,<500 metri,Automobile o Motocicletta,No,5,Si,Pugilato,Mare
05/04/2025 15.18.03,14-18(Adolescenza),Italia,Sud Italia,Città (50.000-300.000 abitanti),8,Femminile,Studente,Talvolta con carta(≈40% delle volte),Comodità e Risparmio,Comodità,Meno di una volta al mese,500-1000 metri,A piedi/Bicicletta,Sì,5,Si,,Montagna
05/04/2025 15.25.23,25-35(Giovane Adulto),Italia,Nord Italia,Cittadina(10.000-50.000 abitanti),10,Femminile,Settore Terziario(Servizi e Commercio),Spesso con carta(≈80% delle volte),Comodità e Risparmio,,Mensilmente,<500 metri,Automobile o Motocicletta,Sì,4,Si,Pattinaggio Artistico ,Città da visitare
05/04/2025 15.26.09,50-65(Adulto Affermato),Italia,Sud Italia,Città (50.000-300.000 abitanti),10,Femminile,Disoccupato,Sempre contante!,Sicurezza e Tracciabilità,Comodità,Mensilmente,<500 metri,Automobile o Motocicletta,Sì,5,Si,Pattinaggio ,Mare
05/04/2025 15.28.18,35-50(Adulto),Italia,Sud Italia,Città (50.000-300.000 abitanti),10,Femminile,Disoccupato,Spesso con carta(≈80% delle volte),Comodità e Risparmio,,Meno di una volta al mese,1000-2000 metri,Automobile o Motocicletta,Solo in passato,5,Si,"Pattinaggio, Fitness",Città da visitare
05/04/2025 15.33.10,50-65(Adulto Affermato),Italia,Sud Italia,Città (50.000-300.000 abitanti),10,Femminile,Settore Terziario(Servizi e Commercio),Sempre con carta(≈ 100% delle volte),Sicurezza e Tracciabilità,,Settimanalmente,1000-2000 metri,Automobile o Motocicletta,Sì,5,No,,Mare
05/04/2025 15.34.40,50-65(Adulto Affermato),Italia,Nord Italia,Città (50.000-300.000 abitanti),10,Femminile,Settore Terziario(Servizi e Commercio),Sempre con carta(≈ 100% delle volte),Comodità e Risparmio,Non viene accettato pagamento con carta,Meno di una volta al mese,500-1000 metri,A piedi/Bicicletta,No,5,No,,Mare
05/04/2025 15.34.45,18-25(Giovane),Italia,Nord Italia,Grande Città (300.000 - 1.000.000 abitanti),8,Femminile,Studente,Abitualmente con carta(≈60% delle volte),Comodità e Risparmio,Comodità,Meno di una volta al mese,500-1000 metri,A piedi/Bicicletta,Sì,5,Si,Pattinaggio artistico ,Mare
05/04/2025 15.34.48,18-25(Giovane),Italia,Sud Italia,Città (50.000-300.000 abitanti),8,Femminile,Studente,Spesso con carta(≈80% delle volte),Sicurezza e Tracciabilità,,Bisettimanalmente,500-1000 metri,Automobile o Motocicletta,No,4,Si,Pattinaggio artistico ,Campagna
05/04/2025 15.42.03,35-50(Adulto),Italia,Sud Italia,Città (50.000-300.000 abitanti),10,Femminile,Settore Terziario(Servizi e Commercio),Sempre con carta(≈ 100% delle volte),Comodità e Risparmio,,Meno di una volta al mese,2000 metri o più,Automobile o Motocicletta,Sì,5,Si,"Nuoto, corsa",Mare
05/04/2025 15.51.18,18-25(Giovane),Italia,Sud Italia,Città (50.000-300.000 abitanti),10,Femminile,Studente,Spesso con carta(≈80% delle volte),Comodità e Risparmio,,Mensilmente,<500 metri,A piedi/Bicicletta,Sì,5,Si,pattinaggio artistico ,Città da visitare
05/04/2025 15.55.40,18-25(Giovane),Italia,Sud Italia,Paese(<10.000 abitanti),8,Maschile,Studente,Abitualmente con carta(≈60% delle volte),Comodità e Risparmio,Tradizione,Ogni 2/3 giorni (circa 10 volte al mese),500-1000 metri,A piedi/Bicicletta,Sì,5,Si,Karate,Città da visitare
05/04/2025 15.56.08,18-25(Giovane),Italia,Nord Italia,Grande Città (300.000 - 1.000.000 abitanti),6,Maschile,Studente,Sempre con carta(≈ 100% delle volte),Comodità e Risparmio,,Bisettimanalmente,<500 metri,A piedi/Bicicletta,No,4,Si,Nuoto,Mare
05/04/2025 15.59.21,35-50(Adulto),Italia,Sud Italia,Città (50.000-300.000 abitanti),10,Femminile,Settore Terziario(Servizi e Commercio),Sempre con carta(≈ 100% delle volte),Sicurezza e Tracciabilità,,Mensilmente,500-1000 metri,Automobile o Motocicletta,No,4,Si,Palestra ,Città da visitare
05/04/2025 16.01.29,18-25(Giovane),Italia,Sud Italia,Cittadina(10.000-50.000 abitanti),10,Femminile,Studente,Raramente con carta(≈20% delle volte),Comodità e Risparmio,Convenzione e Abitudine,Meno di una volta al mese,<500 metri,Automobile o Motocicletta,No,4,Si,Nuoto,Campagna
05/04/2025 16.04.26,18-25(Giovane),Italia,Sud Italia,Città (50.000-300.000 abitanti),9,Maschile,Studente,Sempre con carta(≈ 100% delle volte),Comodità e Risparmio,Comodità,Meno di una volta al mese,500-1000 metri,Automobile o Motocicletta,No,4,Si,Calcio,Mare
05/04/2025 16.04.50,18-25(Giovane),Italia,Sud Italia,Città (50.000-300.000 abitanti),10,Femminile,Studente,Abitualmente con carta(≈60% delle volte),Sicurezza e Tracciabilità,,Meno di una volta al mese,<500 metri,Automobile o Motocicletta,No,5,Si,Palestra ,Città da visitare
05/04/2025 16.05.59,18-25(Giovane),Italia,Sud Italia,Città (50.000-300.000 abitanti),10,Femminile,Studente,Talvolta con carta(≈40% delle volte),Comodità e Risparmio,Convenzione e Abitudine,Meno di una volta al mese,500-1000 metri,Automobile o Motocicletta,Sì,5,Si,Pattinaggio artistico ,Mare
05/04/2025 16.11.12,18-25(Giovane),Italia,Sud Italia,Cittadina(10.000-50.000 abitanti),10,Femminile,Studente,Talvolta con carta(≈40% delle volte),Comodità e Risparmio,,Meno di una volta al mese,500-1000 metri,Automobile o Motocicletta,No,5,Si,,Mare
05/04/2025 16.28.39,65+(Senior),Italia,Nord Italia,Grande Città (300.000 - 1.000.000 abitanti),10,Femminile,Pensionato,Abitualmente con carta(≈60% delle volte),Comodità e Risparmio,,Meno di una volta al mese,1000-2000 metri,A piedi/Bicicletta,Solo in passato,5,No,,Città da visitare
05/04/2025 16.30.38,50-65(Adulto Affermato),Italia,Nord Italia,Cittadina(10.000-50.000 abitanti),10,Preferisco non specificarlo,Settore Terziario(Servizi e Commercio),Sempre contante!,Mi sento obbligato/a dalle normative,Comodità,Mensilmente,<500 metri,A piedi/Bicicletta,No,4,Si,Palestra,Mare
05/04/2025 16.42.28,65+(Senior),Italia,Nord Italia,Grande Città (300.000 - 1.000.000 abitanti),10,Maschile,Pensionato,Abitualmente con carta(≈60% delle volte),Comodità e Risparmio,,Bisettimanalmente,1000-2000 metri,A piedi/Bicicletta,No,5,No,,Mare
05/04/2025 16.45.06,65+(Senior),Italia,Sud Italia,Città (50.000-300.000 abitanti),10,Maschile,Pensionato,Talvolta con carta(≈40% delle volte),Sicurezza e Tracciabilità,Comodità,Mensilmente,<500 metri,A piedi/Bicicletta,No,5,No,,Mare
05/04/2025 16.47.18,35-50(Adulto),Italia,Nord Italia,Cittadina(10.000-50.000 abitanti),10,Femminile,Settore Terziario(Servizi e Commercio),Spesso con carta(≈80% delle volte),Comodità e Risparmio,Convenzione e Abitudine,Meno di una volta al mese,<500 metri,A piedi/Bicicletta,No,5,No,,Mare
05/04/2025 16.51.56,50-65(Adulto Affermato),Italia,Sud Italia,Città (50.000-300.000 abitanti),10,Femminile,Settore Terziario(Servizi e Commercio),Sempre con carta(≈ 100% delle volte),Sicurezza e Tracciabilità,Tradizione,Meno di una volta al mese,1000-2000 metri,Automobile o Motocicletta,Sì,4,No,,Mare
05/04/2025 16.52.39,65+(Senior),Italia,Sud Italia,Città (50.000-300.000 abitanti),10,Femminile,Pensionato,Spesso con carta(≈80% delle volte),Sicurezza e Tracciabilità,,Mensilmente,1000-2000 metri,Automobile o Motocicletta,Sì,2,No,,Città da visitare
05/04/2025 16.53.56,35-50(Adulto),Italia,Sud Italia,Città (50.000-300.000 abitanti),10,Maschile,Settore Terziario(Servizi e Commercio),Abitualmente con carta(≈60% delle volte),Comodità e Risparmio,Tradizione,Settimanalmente,1000-2000 metri,Automobile o Motocicletta,No,5,Si,Palestra,Mare
05/04/2025 17.00.45,35-50(Adulto),Italia,Nord Italia,Città (50.000-300.000 abitanti),10,Maschile,Settore Terziario(Servizi e Commercio),Abitualmente con carta(≈60% delle volte),Sicurezza e Tracciabilità,,Meno di una volta al mese,<500 metri,A piedi/Bicicletta,No,5,Si,Arrampicata ,Mare
05/04/2025 17.00.54,18-25(Giovane),Italia,Sud Italia,Città (50.000-300.000 abitanti),10,Maschile,Settore Secondario( Industria e Artigianato),Abitualmente con carta(≈60% delle volte),Sicurezza e Tracciabilità,,Settimanalmente,<500 metri,Automobile o Motocicletta,No,5,Si,,Mare
05/04/2025 17.05.46,35-50(Adulto),Italia,Sud Italia,Cittadina(10.000-50.000 abitanti),6,Femminile,Settore Terziario(Servizi e Commercio),Spesso con carta(≈80% delle volte),Comodità e Risparmio,Tradizione,Settimanalmente,<500 metri,Automobile o Motocicletta,Sì,5,Si,Tennis,Mare
05/04/2025 17.06.13,50-65(Adulto Affermato),Italia,Sud Italia,Città (50.000-300.000 abitanti),10,Femminile,Pensionato,Sempre con carta(≈ 100% delle volte),Sicurezza e Tracciabilità,,Meno di una volta al mese,2000 metri o più,A piedi/Bicicletta,Sì,5,No,,Dipende il periodo mare d’estate montagna in autunno 
05/04/2025 17.07.36,50-65(Adulto Affermato),Italia,Sud Italia,Città (50.000-300.000 abitanti),8,Femminile,Pensionato,Raramente con carta(≈20% delle volte),Quando non ho con me i contanti,Quando non ho con me i contanti,Bisettimanalmente,2000 metri o più,Automobile o Motocicletta,No,3,Si,Camminata veloce ,Città da visitare
05/04/2025 17.08.49,35-50(Adulto),Italia,Sud Italia,Città (50.000-300.000 abitanti),10,Femminile,Disoccupato,Talvolta con carta(≈40% delle volte),Dipende dai contanti che ho ,Convenzione e Abitudine,Meno di una volta al mese,500-1000 metri,Automobile o Motocicletta,Sì,5,Si,Palestra,Città da visitare
05/04/2025 17.09.27,18-25(Giovane),Italia,Sud Italia,Paese(<10.000 abitanti),10,Maschile,Studente,Talvolta con carta(≈40% delle volte),Comodità e Risparmio,,Meno di una volta al mese,500-1000 metri,A piedi/Bicicletta,Sì,4,Si,Bodybuilding,Montagna
05/04/2025 17.09.31,50-65(Adulto Affermato),Italia,Sud Italia,Cittadina(10.000-50.000 abitanti),10,Femminile,Pensionato,Sempre con carta(≈ 100% delle volte),Sicurezza e Tracciabilità,,Meno di una volta al mese,2000 metri o più,A piedi/Bicicletta,Sì,5,Si,Camminare ,Estate mare autunno montagna 
05/04/2025 17.10.47,35-50(Adulto),Italia,Sud Italia,Città (50.000-300.000 abitanti),10,Femminile,Disoccupato,Talvolta con carta(≈40% delle volte),Dipende dal contante che ho ,Convenzione e Abitudine,Meno di una volta al mese,500-1000 metri,Automobile o Motocicletta,Sì,5,Si,Palestra ,Città da visitare
05/04/2025 17.12.32,65+(Senior),Italia,Sud Italia,Città (50.000-300.000 abitanti),10,Femminile,Disoccupato,Abitualmente con carta(≈60% delle volte),Comodità e Risparmio,,Bisettimanalmente,2000 metri o più,Automobile o Motocicletta,No,3,No,,Mare
05/04/2025 17.17.00,50-65(Adulto Affermato),Italia,Nord Italia,Grande Città (300.000 - 1.000.000 abitanti),10,Maschile,Settore Secondario( Industria e Artigianato),Abitualmente con carta(≈60% delle volte),Comodità e Risparmio,,Mensilmente,2000 metri o più,Automobile o Motocicletta,Solo in passato,3,Si,Arrampicata,Campagna
05/04/2025 17.18.49,50-65(Adulto Affermato),Italia,Sud Italia,Cittadina(10.000-50.000 abitanti),10,Femminile,Settore Terziario(Servizi e Commercio),Spesso con carta(≈80% delle volte),Comodità e Risparmio,,Bisettimanalmente,2000 metri o più,Automobile o Motocicletta,Sì,5,No,,Montagna
05/04/2025 17.19.49,35-50(Adulto),Italia,Nord Italia,Grande Città (300.000 - 1.000.000 abitanti),9,Femminile,Settore Terziario(Servizi e Commercio),Spesso con carta(≈80% delle volte),Sicurezza e Tracciabilità,,Meno di una volta al mese,2000 metri o più,Automobile o Motocicletta,Sì,5,Si,Beach volley ,Mare
05/04/2025 17.20.04,25-35(Giovane Adulto),Italia,Nord Italia,Cittadina(10.000-50.000 abitanti),10,Femminile,Settore Terziario(Servizi e Commercio),Sempre con carta(≈ 100% delle volte),Sicurezza e Tracciabilità,,Mensilmente,1000-2000 metri,A piedi/Bicicletta,No,5,No,,Mare
05/04/2025 17.21.46,35-50(Adulto),Italia,Sud Italia,Città (50.000-300.000 abitanti),10,Femminile,Settore Terziario(Servizi e Commercio),Abitualmente con carta(≈60% delle volte),Comodità e Risparmio,Comodità,Bisettimanalmente,500-1000 metri,Automobile o Motocicletta,Sì,5,No,,Città da visitare
05/04/2025 17.24.46,50-65(Adulto Affermato),Italia,Sud Italia,Città (50.000-300.000 abitanti),5,Maschile,Disoccupato,Sempre contante!,Comodità e Risparmio,Comodità,Mensilmente,500-1000 metri,A piedi/Bicicletta,No,1,No,,Mare
05/04/2025 17.26.24,35-50(Adulto),Italia,Nord Italia,Cittadina(10.000-50.000 abitanti),6,Maschile,"Settore Primario(Agricoltura, Pesca,",Spesso con carta(≈80% delle volte),Comodità e Risparmio,,Meno di una volta al mese,<500 metri,A piedi/Bicicletta,Sì,4,,Padel ,Mare
05/04/2025 17.27.08,25-35(Giovane Adulto),Italia,Sud Italia,Città (50.000-300.000 abitanti),10,Femminile,Settore Terziario(Servizi e Commercio),Talvolta con carta(≈40% delle volte),Comodità e Risparmio,Convenzione e Abitudine,Mensilmente,<500 metri,Automobile o Motocicletta,No,5,Si,,Città da visitare
05/04/2025 17.33.18,65+(Senior),Italia,Nord Italia,Grande Città (300.000 - 1.000.000 abitanti),8,Femminile,Pensionato,Sempre con carta(≈ 100% delle volte),Sicurezza e Tracciabilità,,Meno di una volta al mese,1000-2000 metri,A piedi/Bicicletta,Sì,5,No,,Città da visitare
05/04/2025 17.40.09,35-50(Adulto),Italia,Nord Italia,Grande Città (300.000 - 1.000.000 abitanti),9,Femminile,Settore Terziario(Servizi e Commercio),Sempre con carta(≈ 100% delle volte),Comodità e tranquillità si girare senza soldi contanti,,Mensilmente,<500 metri,A piedi/Bicicletta,Sì,5,Si,Pattinaggio artistico,Montagna
05/04/2025 17.48.25,35-50(Adulto),Italia,Sud Italia,Città (50.000-300.000 abitanti),10,Maschile,Settore Terziario(Servizi e Commercio),Sempre con carta(≈ 100% delle volte),Comodità e Risparmio,Comodità,Bisettimanalmente,2000 metri o più,Automobile o Motocicletta,No,5,Si,Calcio ,Città da visitare
05/04/2025 17.49.11,35-50(Adulto),Italia,Sud Italia,Città (50.000-300.000 abitanti),10,Maschile,Disoccupato,Sempre contante!,,Comodità,Settimanalmente,500-1000 metri,Automobile o Motocicletta,No,3,No,,Montagna
05/04/2025 17.51.33,18-25(Giovane),Italia,Sud Italia,Paese(<10.000 abitanti),9,Femminile,Studente,Talvolta con carta(≈40% delle volte),Sicurezza e Tracciabilità,Comodità,Mensilmente,<500 metri,Automobile o Motocicletta,No,,Si,,
05/04/2025 17.51.37,65+(Senior),Italia,Sud Italia,Grande Città (300.000 - 1.000.000 abitanti),10,Femminile,Pensionato,Raramente con carta(≈20% delle volte),Cura dell'ambiente,Convenzione e Abitudine,Meno di una volta al mese,2000 metri o più,Automobile o Motocicletta,Sì,5,No,,Mare
05/04/2025 17.56.51,50-65(Adulto Affermato),Italia,Sud Italia,Città (50.000-300.000 abitanti),10,Femminile,Settore Terziario(Servizi e Commercio),Talvolta con carta(≈40% delle volte),Comodità e Risparmio,,Meno di una volta al mese,500-1000 metri,A piedi/Bicicletta,Solo in passato,5,Si,Fitness ,Città da visitare
05/04/2025 18.04.05,50-65(Adulto Affermato),Italia,Sud Italia,Città (50.000-300.000 abitanti),7,Maschile,Settore Terziario(Servizi e Commercio),Spesso con carta(≈80% delle volte),Comodità e Risparmio,,Settimanalmente,1000-2000 metri,Automobile o Motocicletta,Solo in passato,3,Si,Motocross ,Mare
05/04/2025 18.12.24,50-65(Adulto Affermato),Italia,Sud Italia,Città (50.000-300.000 abitanti),10,Femminile,Settore Terziario(Servizi e Commercio),Spesso con carta(≈80% delle volte),Comodità e Risparmio,,Settimanalmente,1000-2000 metri,Automobile o Motocicletta,Sì,1,No,,Montagna
05/04/2025 18.18.59,35-50(Adulto),Italia,Nord Italia,Città (50.000-300.000 abitanti),10,Femminile,Settore Terziario(Servizi e Commercio),Abitualmente con carta(≈60% delle volte),Comodità e Risparmio,Convenzione e Abitudine,Mensilmente,500-1000 metri,A piedi/Bicicletta,No,4,No,,Mare
05/04/2025 18.19.03,35-50(Adulto),Italia,Nord Italia,Città (50.000-300.000 abitanti),10,Femminile,Settore Terziario(Servizi e Commercio),Spesso con carta(≈80% delle volte),Sicurezza e Tracciabilità,,Meno di una volta al mese,<500 metri,A piedi/Bicicletta,Solo in passato,5,Si,Pattinaggio ,Mare
05/04/2025 18.19.54,35-50(Adulto),Italia,Sud Italia,Grande Città (300.000 - 1.000.000 abitanti),10,Femminile,Settore Secondario( Industria e Artigianato),Raramente con carta(≈20% delle volte),,I pagamenti con carta sottraggono parte del guadagno al commerciante e generano flusso esclusivamente per le banche,Meno di una volta al mese,1000-2000 metri,Automobile o Motocicletta,Sì,4,No,,Mare
05/04/2025 18.21.38,65+(Senior),Italia,Sud Italia,Città (50.000-300.000 abitanti),10,Femminile,Pensionato,Talvolta con carta(≈40% delle volte),Sicurezza e Tracciabilità,Convenzione e Abitudine,Mensilmente,<500 metri,Automobile o Motocicletta,No,5,No,,Mare
05/04/2025 18.34.08,65+(Senior),Italia,,Cittadina(10.000-50.000 abitanti),10,Maschile,Pensionato,Raramente con carta(≈20% delle volte),,"Esempio: Se le banche sottraggono lo 0,1% del valore del denaro ad ogni passaggio, dopo 1000 passaggi hanno sottratto alla comunità il valore iniziale del denaro. ",Bisettimanalmente,1000-2000 metri,A piedi/Bicicletta,Solo in passato,4,Si,Pugilato,Tutte le destinazioni sopra menzionate.
05/04/2025 18.35.48,35-50(Adulto),Italia,Sud Italia,Cittadina(10.000-50.000 abitanti),10,Femminile,"Settore Primario(Agricoltura, Pesca,",Spesso con carta(≈80% delle volte),Cura dell'ambiente,Convenzione e Abitudine,Settimanalmente,2000 metri o più,Automobile o Motocicletta,Sì,2,Si,Palestra ,Mare
05/04/2025 18.43.15,35-50(Adulto),Italia,Nord Italia,Cittadina(10.000-50.000 abitanti),8,Femminile,Settore Terziario(Servizi e Commercio),Spesso con carta(≈80% delle volte),Comodità e Risparmio,,Mensilmente,500-1000 metri,A piedi/Bicicletta,No,5,Si,Sala pesi ,Mare
05/04/2025 18.48.15,50-65(Adulto Affermato),Italia,Sud Italia,Città (50.000-300.000 abitanti),8,Femminile,Settore Terziario(Servizi e Commercio),Sempre con carta(≈ 100% delle volte),Sicurezza e Tracciabilità,,Meno di una volta al mese,<500 metri,A piedi/Bicicletta,No,5,Si,Camminata,Mare
05/04/2025 18.55.56,65+(Senior),Italia,Sud Italia,Cittadina(10.000-50.000 abitanti),9,Maschile,Pensionato,Abitualmente con carta(≈60% delle volte),Comodità e Risparmio,,Mensilmente,500-1000 metri,A piedi/Bicicletta,Solo in passato,4,Si,Rugby,Montagna
05/04/2025 18.58.32,35-50(Adulto),Italia,Nord Italia,Paese(<10.000 abitanti),10,Femminile,Settore Terziario(Servizi e Commercio),Sempre con carta(≈ 100% delle volte),Comodità e Risparmio,,Meno di una volta al mese,<500 metri,A piedi/Bicicletta,No,4,No,,Mare
05/04/2025 19.01.22,35-50(Adulto),Italia,Nord Italia,Grande Città (300.000 - 1.000.000 abitanti),9,Maschile,Settore Secondario( Industria e Artigianato),Spesso con carta(≈80% delle volte),Comodità e Risparmio,,Bisettimanalmente,<500 metri,A piedi/Bicicletta,No,5,Si,Volley,Campagna
05/04/2025 19.10.13,35-50(Adulto),Italia,Sud Italia,Grande Città (300.000 - 1.000.000 abitanti),10,Femminile,Settore Terziario(Servizi e Commercio),Spesso con carta(≈80% delle volte),Sicurezza e Tracciabilità,Convenzione e Abitudine,Meno di una volta al mese,<500 metri,Automobile o Motocicletta,Sì,2,No,,Mare
05/04/2025 19.12.27,35-50(Adulto),Italia,Sud Italia,Città (50.000-300.000 abitanti),10,Femminile,Settore Terziario(Servizi e Commercio),Spesso con carta(≈80% delle volte),Sicurezza e Tracciabilità,,Bisettimanalmente,1000-2000 metri,Automobile o Motocicletta,Sì,3,No,,Mare
05/04/2025 19.18.12,65+(Senior),Italia,Nord Italia,Città (50.000-300.000 abitanti),9,Femminile,Pensionato,Abitualmente con carta(≈60% delle volte),Comodità e Risparmio,,Settimanalmente,500-1000 metri,A piedi/Bicicletta,No,4,Si,"Ginnastica, ballo ",Montagna
05/04/2025 19.18.54,25-35(Giovane Adulto),Italia,Sud Italia,Città (50.000-300.000 abitanti),8,Femminile,Settore Terziario(Servizi e Commercio),Talvolta con carta(≈40% delle volte),,Convenzione e Abitudine,Bisettimanalmente,500-1000 metri,Automobile o Motocicletta,Sì,4,Si,Palestra,Montagna
05/04/2025 19.20.09,35-50(Adulto),Italia,Sud Italia,Città (50.000-300.000 abitanti),10,Femminile,Disoccupato,Spesso con carta(≈80% delle volte),Comodità e Risparmio,,Mensilmente,2000 metri o più,Automobile o Motocicletta,No,5,Si,Danza,Città da visitare
05/04/2025 19.21.32,65+(Senior),Italia,Sud Italia,Città (50.000-300.000 abitanti),10,Femminile,Pensionato,Sempre contante!,,,Meno di una volta al mese,2000 metri o più,Automobile o Motocicletta,Solo in passato,1,No,,Città da visitare
05/04/2025 19.29.42,35-50(Adulto),Italia,Nord Italia,Paese(<10.000 abitanti),10,Femminile,Settore Terziario(Servizi e Commercio),Sempre con carta(≈ 100% delle volte),Sicurezza e Tracciabilità,,Meno di una volta al mese,2000 metri o più,Automobile o Motocicletta,Sì,1,Si,Latino,Mare
05/04/2025 19.42.45,25-35(Giovane Adulto),Italia,Nord Italia,Città (50.000-300.000 abitanti),8,Femminile,Settore Terziario(Servizi e Commercio),Spesso con carta(≈80% delle volte),Comodità e Risparmio,,Mensilmente,<500 metri,A piedi/Bicicletta,No,3,No,,Città da visitare
05/04/2025 19.48.25,65+(Senior),Italia,Nord Italia,Grande Città (300.000 - 1.000.000 abitanti),10,Femminile,Pensionato,Talvolta con carta(≈40% delle volte),Cura dell'ambiente,Controllo delle uscite,Mensilmente,<500 metri,A piedi/Bicicletta,No,5,Si,Pilates ed Aikido,Mare
05/04/2025 19.57.53,35-50(Adulto),Italia,,Città (50.000-300.000 abitanti),10,Femminile,Settore Terziario(Servizi e Commercio),Talvolta con carta(≈40% delle volte),,,Meno di una volta al mese,500-1000 metri,A piedi/Bicicletta,Sì,4,Si,Danzare,Mare
05/04/2025 20.01.27,35-50(Adulto),Italia,Sud Italia,Città (50.000-300.000 abitanti),10,Femminile,Settore Terziario(Servizi e Commercio),Sempre con carta(≈ 100% delle volte),Comodità e Risparmio,,Meno di una volta al mese,500-1000 metri,A piedi/Bicicletta,Sì,5,No,,Montagna
05/04/2025 20.29.43,35-50(Adulto),Italia,Sud Italia,Città (50.000-300.000 abitanti),10,Femminile,Settore Terziario(Servizi e Commercio),Spesso con carta(≈80% delle volte),Comodità e Risparmio,Convenzione e Abitudine,Bisettimanalmente,1000-2000 metri,Automobile o Motocicletta,No,4,No,,Mare
05/04/2025 20.32.40,50-65(Adulto Affermato),Italia,Nord Italia,Città (50.000-300.000 abitanti),10,Maschile,Settore Terziario(Servizi e Commercio),Spesso con carta(≈80% delle volte),Sicurezza e Tracciabilità,,Meno di una volta al mese,500-1000 metri,A piedi/Bicicletta,Solo in passato,5,No,,Campagna
05/04/2025 20.42.32,14-18(Adolescenza),Italia,Sud Italia,Città (50.000-300.000 abitanti),10,Femminile,Studente,Spesso con carta(≈80% delle volte),Cura dell'ambiente,Comodità,Settimanalmente,1000-2000 metri,Automobile o Motocicletta,Sì,4,Si,pattinaggio,Mare
05/04/2025 20.43.53,14-18(Adolescenza),Italia,Sud Italia,Città (50.000-300.000 abitanti),10,Femminile,Studente,Raramente con carta(≈20% delle volte),,Convenzione e Abitudine,Mensilmente,500-1000 metri,Automobile o Motocicletta,Sì,3,Si,Pattinaggio artistico ,Città da visitare
05/04/2025 21.02.02,35-50(Adulto),Italia,Sud Italia,Città (50.000-300.000 abitanti),9,Femminile,Settore Terziario(Servizi e Commercio),Sempre con carta(≈ 100% delle volte),Comodità e Risparmio,,Settimanalmente,1000-2000 metri,A piedi/Bicicletta,No,3,Si,Pallavolo ,Mare
05/04/2025 21.04.18,50-65(Adulto Affermato),Italia,Sud Italia,Città (50.000-300.000 abitanti),10,Femminile,Settore Terziario(Servizi e Commercio),Abitualmente con carta(≈60% delle volte),Comodità e Risparmio,,Settimanalmente,<500 metri,A piedi/Bicicletta,No,3,No,,Città da visitare
05/04/2025 21.15.12,25-35(Giovane Adulto),Italia,Sud Italia,Città (50.000-300.000 abitanti),10,Maschile,Settore Terziario(Servizi e Commercio),Abitualmente con carta(≈60% delle volte),Lascio i contanti per piccole somme e non dover prelevare troppo spesso,Non lo preferisco ,Settimanalmente,500-1000 metri,Automobile o Motocicletta,No,5,Si,Palestra,Mare
05/04/2025 21.26.52,50-65(Adulto Affermato),Italia,Sud Italia,Città (50.000-300.000 abitanti),10,Maschile,Settore Terziario(Servizi e Commercio),Spesso con carta(≈80% delle volte),Sicurezza e Tracciabilità,,Ogni 2/3 giorni (circa 10 volte al mese),1000-2000 metri,Automobile o Motocicletta,No,5,Si,Camminata a passo svelto,Montagna
05/04/2025 21.39.07,50-65(Adulto Affermato),Italia,Sud Italia,Città (50.000-300.000 abitanti),10,Femminile,Pensionato,Sempre contante!,,Comodità,Mensilmente,500-1000 metri,A piedi/Bicicletta,Sì,5,No,,Campagna
05/04/2025 21.41.00,50-65(Adulto Affermato),Italia,Sud Italia,Cittadina(10.000-50.000 abitanti),10,Maschile,Settore Terziario(Servizi e Commercio),Abitualmente con carta(≈60% delle volte),Sicurezza e Tracciabilità,,Meno di una volta al mese,<500 metri,A piedi/Bicicletta,Sì,5,Si,Calcio,Mare
05/04/2025 21.41.28,25-35(Giovane Adulto),Italia,Sud Italia,Città (50.000-300.000 abitanti),10,Femminile,Settore Terziario(Servizi e Commercio),Spesso con carta(≈80% delle volte),Comodità e Risparmio,,Mensilmente,2000 metri o più,Automobile o Motocicletta,No,3,No,,Mare
05/04/2025 21.48.02,35-50(Adulto),Italia,Sud Italia,Città (50.000-300.000 abitanti),10,Femminile,Settore Terziario(Servizi e Commercio),Spesso con carta(≈80% delle volte),Banca fuori mano,Tradizione,Mensilmente,2000 metri o più,Automobile o Motocicletta,No,3,Si,Danza,Mare
05/04/2025 22.06.15,18-25(Giovane),Italia,Nord Italia,Città (50.000-300.000 abitanti),8,Femminile,Studente,Abitualmente con carta(≈60% delle volte),Comodità e Risparmio,,Meno di una volta al mese,<500 metri,A piedi/Bicicletta,No,5,Si,equitazione,Mare
05/04/2025 22.09.08,18-25(Giovane),Italia,Nord Italia,Cittadina(10.000-50.000 abitanti),8,Femminile,Studente,Talvolta con carta(≈40% delle volte),,Convenzione e Abitudine,Meno di una volta al mese,500-1000 metri,A piedi/Bicicletta,No,2,Si,Danza,Mare
05/04/2025 22.28.41,65+(Senior),Italia,Sud Italia,Città (50.000-300.000 abitanti),10,Femminile,Pensionato,Spesso con carta(≈80% delle volte),Comodità e Risparmio,,Mensilmente,2000 metri o più,Automobile o Motocicletta,Sì,4,No,,Campagna
05/04/2025 22.46.09,35-50(Adulto),Italia,Sud Italia,Città (50.000-300.000 abitanti),6,Femminile,Settore Terziario(Servizi e Commercio),Sempre con carta(≈ 100% delle volte),Sicurezza e Tracciabilità,Tradizione,Mensilmente,500-1000 metri,Automobile o Motocicletta,No,5,No,,Mare
06/04/2025 9.43.47,35-50(Adulto),Italia,Sud Italia,Città (50.000-300.000 abitanti),7,Maschile,Settore Secondario( Industria e Artigianato),Sempre con carta(≈ 100% delle volte),Comodità e Risparmio,,Settimanalmente,500-1000 metri,Automobile o Motocicletta,Sì,4,No,,Mare
06/04/2025 10.05.30,18-25(Giovane),Italia,Nord Italia,Paese(<10.000 abitanti),5,Maschile,Settore Secondario( Industria e Artigianato),Abitualmente con carta(≈60% delle volte),Sicurezza e Tracciabilità,Comodità,Meno di una volta al mese,2000 metri o più,Automobile o Motocicletta,No,2,Si,pallavolo,Montagna
06/04/2025 10.58.33,18-25(Giovane),Italia,Nord Italia,Cittadina(10.000-50.000 abitanti),8,Maschile,Studente,Talvolta con carta(≈40% delle volte),Comodità e Risparmio,Convenzione e Abitudine,Mensilmente,1000-2000 metri,Automobile o Motocicletta,Sì,4,Si,,Città da visitare
06/04/2025 11.06.05,18-25(Giovane),Italia,Nord Italia,Paese(<10.000 abitanti),7,Maschile,Studente,Raramente con carta(≈20% delle volte),,Convenzione e Abitudine,Settimanalmente,1000-2000 metri,Automobile o Motocicletta,Sì,3,Si,Ginnastica artistica ,Mare
06/04/2025 12.20.22,25-35(Giovane Adulto),Italia,Sud Italia,Città (50.000-300.000 abitanti),8,Femminile,Settore Terziario(Servizi e Commercio),Spesso con carta(≈80% delle volte),Comodità e Risparmio,,Mensilmente,500-1000 metri,A piedi/Bicicletta,No,4,Si,Pattinaggio artistico ,Città da visitare
06/04/2025 12.54.18,18-25(Giovane),Italia,Nord Italia,Città (50.000-300.000 abitanti),9,Femminile,Studente,Abitualmente con carta(≈60% delle volte),Comodità e Risparmio,,Meno di una volta al mese,<500 metri,A piedi/Bicicletta,Sì,5,Si,"Praticavo danza, ora palestra",Città da visitare
06/04/2025 14.31.18,65+(Senior),Italia,Sud Italia,Città (50.000-300.000 abitanti),10,Femminile,Pensionato,Spesso con carta(≈80% delle volte),Comodità e Risparmio,,Bisettimanalmente,2000 metri o più,Automobile o Motocicletta,No,1,No,,Montagna
06/04/2025 14.33.40,65+(Senior),Italia,Sud Italia,Città (50.000-300.000 abitanti),8,Maschile,Pensionato,Abitualmente con carta(≈60% delle volte),Comodità e Risparmio,,Settimanalmente,500-1000 metri,Automobile o Motocicletta,No,2,No,,Montagna
06/04/2025 14.49.06,18-25(Giovane),Italia,Nord Italia,Cittadina(10.000-50.000 abitanti),10,Maschile,Settore Terziario(Servizi e Commercio),Sempre con carta(≈ 100% delle volte),Sicurezza e Tracciabilità,,Meno di una volta al mese,500-1000 metri,Automobile o Motocicletta,No,5,Si,"Praticavo atletica, ora palestra",Città da visitare
06/04/2025 17.05.11,50-65(Adulto Affermato),Italia,Sud Italia,Cittadina(10.000-50.000 abitanti),10,Femminile,Settore Terziario(Servizi e Commercio),Spesso con carta(≈80% delle volte),Sicurezza e Tracciabilità,,Meno di una volta al mese,1000-2000 metri,Automobile o Motocicletta,No,5,No,,Mare
06/04/2025 18.03.17,35-50(Adulto),Italia,Sud Italia,Città (50.000-300.000 abitanti),10,Maschile,Settore Terziario(Servizi e Commercio),Spesso con carta(≈80% delle volte),Sicurezza e Tracciabilità,,Bisettimanalmente,<500 metri,Automobile o Motocicletta,No,5,No,,Mare
06/04/2025 19.25.22,65+(Senior),Italia,Sud Italia,Cittadina(10.000-50.000 abitanti),10,Femminile,Pensionato,Sempre contante!,,Affidabilità e Sicurezza,Mensilmente,500-1000 metri,Automobile o Motocicletta,No,4,No,,Campagna
06/04/2025 19.29.59,65+(Senior),Italia,Sud Italia,Città (50.000-300.000 abitanti),10,Femminile,Pensionato,Sempre contante!,,Affidabilità e Sicurezza,Mensilmente,500-1000 metri,Automobile o Motocicletta,No,4,No,,Campagna
06/04/2025 23.07.28,35-50(Adulto),Italia,Nord Italia,Paese(<10.000 abitanti),10,Femminile,Settore Terziario(Servizi e Commercio),Spesso con carta(≈80% delle volte),Comodità e Risparmio,,Bisettimanalmente,<500 metri,Automobile o Motocicletta,Sì,4,Si,Nuoto,Mare
07/04/2025 0.41.55,35-50(Adulto),Italia,Sud Italia,Città (50.000-300.000 abitanti),10,Maschile,Settore Terziario(Servizi e Commercio),Sempre contante!,Mi sento obbligato/a dalle normative,Comodità,Meno di una volta al mese,2000 metri o più,Automobile o Motocicletta,Sì,1,Si,Pattinaggio artistico ,Montagna
07/04/2025 10.16.42,50-65(Adulto Affermato),Italia,Sud Italia,Paese(<10.000 abitanti),9,Femminile,Settore Terziario(Servizi e Commercio),Raramente con carta(≈20% delle volte),Comodità e Risparmio,Convenzione e Abitudine,Meno di una volta al mese,<500 metri,Automobile o Motocicletta,No,3,No,,Mare
07/04/2025 10.51.25,65+(Senior),Italia,Nord Italia,Paese(<10.000 abitanti),10,Femminile,Pensionato,Spesso con carta(≈80% delle volte),Sicurezza e Tracciabilità,,Mensilmente,2000 metri o più,Automobile o Motocicletta,Sì,2,Si,"Cammino,ginnastica,",Città da visitare